Article,Date,Title,Score,Reason
http://query.nytimes.com/gst/fullpage.html?res=9B0DE5DA1638F935A35750C0A961948260,1987-03-06,BUSH SAYS HE RUES IRAN ARMS POLICY,0,Article is about Bush wishing he would have done more to help US in the controversy of the sale of arms to Iran
http://query.nytimes.com/gst/fullpage.html?res=9B0DE1D9113AF937A35750C0A961948260,1987-03-04,MISSING THE IRAN ARMS STORY: DID THE PRESS FAIL?,1,Article is about US arms distribution to Iran and contains mentions of Reagan and Khomeini
http://query.nytimes.com/gst/fullpage.html?res=9B0DEFD8163DF937A35750C0A961948260,1987-03-04,"WALTER MONDALE ON NOT SAYING, 'I TOLD YOU SO'",0,Article is about the presidential candidate Walter Mondale who lost to Reagan criticising Reagan’s actions on Iran-contra controversy
http://query.nytimes.com/gst/fullpage.html?res=9B0DE3D7173DF931A15750C0A961948260,1987-03-22,TEN MYTHS ABOUT THE REAGAN DEBACLE,1,Article is about Iranian Arms administration and the myths related to Reagan administration’s involvement in the affair
http://query.nytimes.com/gst/fullpage.html?res=9B0DEEDA143BF931A15750C0A961948260,1987-03-22,"NEWS SUMMARY: SUNDAY, MARCH 22, 1987",0,Article is just a list of articles
http://query.nytimes.com/gst/fullpage.html?res=9B0DEFDC1239F93BA25750C0A961948260,1987-03-18,MILLIONS FROM ARMS SALES TRACED TO IRAN GROUP AIDING KIDNAPPERS,1,Article is about money from US arms sales to Iran being used in the kidnapping of Americans in Lebanon 
http://query.nytimes.com/gst/fullpage.html?res=9B0DE4D6173EF933A15750C0A961948260,1987-03-20,"WHITE HOUSE KNEW OF A SHIFT ON IRAN, C.I.A. OFFICIALS SAY",1,Article mentions CIA officials telling White House and Reagan administration that there was little scope for improvement in relations with Khomeini regime in Iran 
http://query.nytimes.com/gst/fullpage.html?res=9B0DEEDD173EF933A15750C0A961948260,1987-03-20,Transcript of President's News Conference,1,Article is a transcript of Reagan’s speech 
http://query.nytimes.com/gst/fullpage.html?res=9B0DE4D91638F937A25750C0A961948260,1987-03-14,SATURDAY NEWS QUIZ,0,Article is a quiz containing questions on Khomeini and Reagan administration
http://query.nytimes.com/gst/fullpage.html?res=9B0DEED6153BF932A25750C0A961948260,1987-03-11,DIM OUTLOOK SEEN FOR U.S.-IRAN TIES,2,Article is about relations between Khomeini regime and Reagan administration getting worse after leak of arms for hostages agreement between the two nations
http://query.nytimes.com/gst/fullpage.html?res=9B0DE0DC1130F931A15756C0A961948260,1987-05-22,HOPE FADES FOR A PACT TO END THE AFGHAN WAR,0,Article is about a meeting among world leaders to discuss ending of the Afghanistan war and just contains a mention of Khomeini and Reagan
http://query.nytimes.com/gst/fullpage.html?res=9B0DE5DB153EF934A35756C0A961948260,1987-05-07,SECORD RECOUNTS BEING TOLD REAGAN KNEW OF HIS WORK,2,Article is about an Army general involved in the Iran-contra affair testifying that the Reagan knew about the diversion of money from the sale of weapons to the Khomeini regime to the Nicaraguan rebels
http://query.nytimes.com/gst/fullpage.html?res=9B0DE4DC153EF934A35756C0A961948260,1987-05-07,"WILLIAM CASEY, EX-C.I.A. HEAD, IS DEAD AT 74",0,Article is about Ex-CIA head William Casey’s death who was head at the time of Reagan administration and involved in the Iran-contra affair 
http://query.nytimes.com/gst/fullpage.html?res=9B0DEFD9103EF93BA25756C0A961948260,1987-05-18,THE PERSIAN GULF: A DEADLY CORRIDOR,0,Article is about Persian Gulf becoming dangerous body of water because of the ongoing fight between Iran and Iraq
http://query.nytimes.com/gst/fullpage.html?res=9B0DEEDD1E3AF93BA35755C0A961948260,1987-06-08,Kuwait Asks China to Join in Protecting Shipping,0,Article is Kuwait seeking help from China to join the US in protecting its fleet against Iran
http://query.nytimes.com/gst/fullpage.html?res=9B0DE2D8143CF930A15755C0A961948260,1987-06-23,"FROM AN IRANIAN MIDDLEMAN, HIS SIDE OF THE STORY",1,Article is about US arms distribution to Iran and contains mentions of Reagan and Khomeini
http://query.nytimes.com/gst/fullpage.html?res=9B0DE4D7163CF93AA25755C0A961948260,1987-06-19,Turning the Persian Gulf Into a Bridge,2,Article is about Reagan’s foreign policy in the Persian Gulf and mentions Khomeini trying to gain control over oil in the Gulf region
http://query.nytimes.com/gst/fullpage.html?res=9B0DE0D6153FF93AA25755C0A961948260,1987-06-19,Irate Over Iran,0,Article is about march against Khomeini in Washington and just contains a mention of some official of the Reagan administration
http://query.nytimes.com/gst/fullpage.html?res=9B0DE3DF1630F93BA15755C0A961948260,1987-06-28,IRAN 'MODERATES': GENUINE OR FRAUD?,2,Article is about US arms distribution to Iran and contains mentions of Reagan and Khomeini
http://query.nytimes.com/gst/fullpage.html?res=9B0DE4D71F31F93BA15755C0A961948260,1987-06-28,REPUBLICANS DEBATE STRATEGY FOR HOLDING ONTO THE WHITE HOUSE,0,Article is about Iran-contra affair discussions
http://query.nytimes.com/gst/fullpage.html?res=9B0DE5DF1239F932A15755C0A961948260,1987-06-21,Reflections on Reflagging,0,Article discusses possible US actions in the Persian Gulf
http://query.nytimes.com/gst/fullpage.html?res=9B0DE4DC1730F932A15755C0A961948260,1987-06-21,KUWAITI STRATEGY IS TO USE SUPERPOWERS TO END WAR,1,Article is about tensions in the Gulf and mentions Reagan administration and Khomeini regime 
http://query.nytimes.com/gst/fullpage.html?res=9B0DEED8133CF931A25755C0A961948260,1987-06-12,U.S. MOVE IN THE GULF: MORE FIRMLY ON IRAQ'S SIDE,1,Article is about US siding with Iraq in the Iran-Iraq war after placing its flag on Kuwaiti tankers as Kuwait was an ally of Iraq
http://query.nytimes.com/gst/fullpage.html?res=9B0DE3DB113FF931A25755C0A961948260,1987-06-12,"THE PRESIDENT IN VENICE: ECONOMICS, CONTRA AID AND THE GULF",1,Article contains Reagan speech in Venice and his answer to a question on selling arms to the Khomeini government
http://query.nytimes.com/gst/fullpage.html?res=9B0DE3DB143BF937A25755C0A961948260,1987-06-14,BEIRUT REPORT SAYS HOSTAGES ARE IN IRAN,1,Article is about some Americans being kidnapped from Lebanon being taken and put on trial in Iran by the Khomeini regime 
http://query.nytimes.com/gst/fullpage.html?res=9B0DE2D61139F937A25755C0A961948260,1987-06-14,Ours Flags Don't Belong on Kuwaiti Tankers,0,Article is about Kuwait getting afraid from Iran wanting retribution against it if Iran wins over Iraq in the Iran-Iraq war and just contains a mention of matters being complicated because of Reagan administration selling arms to Khomeini government in Iran
http://query.nytimes.com/gst/fullpage.html?res=9B0DE0D6113FF937A35757C0A961948260,1987-04-04,Convert Doesn't Pay,0,Article is about covert operations and mentions Khomeini’s Iranian Revolution and Reagan’s arms supply to Iran 