Article,Date,Title,Score,Reason
http://query.nytimes.com/gst/fullpage.html?res=950DEEDF133CF937A25750C0A96F948260,1989-03-14,Reviews/Television; Pop Culture as Insults and Threatened Violence,2,The article mentions the lineup of the Wrestlemania event which includes Hulk Hogan
http://query.nytimes.com/gst/fullpage.html?res=950DE6DA163BF930A25754C0A96F948260,1989-07-13,Waking From a New 'Nightmare' to New Profits,0,The article just mentions a film of Hulk Hogan having sold tickets worth 15 million dollars
http://query.nytimes.com/gst/fullpage.html?res=9C0CE0DB153BF936A35752C0A966958260,1990-01-05,Lawyers go to the Mat in a Battle Between Hulk Hogan and a 98-Pound Comedian,3,The article is about a lawsuit against Hulk Hogan
http://query.nytimes.com/gst/fullpage.html?res=9C0CE0D7173BF93AA35752C0A966958260,1990-01-09,What's Bad About Acting Like Hulk?,1,The article is about some Football player and mentions Hulk Hogan 
http://query.nytimes.com/gst/fullpage.html?res=950DE3D6153AF93AA15757C0A96F948260,1989-04-29,The Man In the Pawed Shirt,0,The article is about some person who is likened to be a combination of Hulk Hogan and other people
http://query.nytimes.com/gst/fullpage.html?res=950DE0D7143EF930A15751C0A96F948260,1989-02-23,Even The Turkeys Were Purple,0,The article talks about disappointment of people when they learned that professional wrestling events were staged
http://query.nytimes.com/gst/fullpage.html?res=950DE0DD103AF933A25751C0A96F948260,1989-02-10,Now It Can Be Told: Those Pro Wrestlers Are Just Having Fun,1,The article is about professional wrestling just being entertainment rather than actual wrestling
http://query.nytimes.com/gst/fullpage.html?res=9D0CE6D9113CF934A15755C0A967958260,1991-06-27,Physician Testifies He Provided Steroids,1,Article mentions about Physician admitting he supplied steroids to several wrestlers including Hulk Hogan
http://query.nytimes.com/gst/fullpage.html?res=9D0CE0D9173EF933A15755C0A967958260,1991-06-20,Hogan and Piper Set to Testify in Steroid Trial,3,The article is about Hulk Hogan testifying in a trial involving a Physician suspected of selling him steroids
http://query.nytimes.com/gst/fullpage.html?res=9D0CE3DC1731F931A35751C1A967958260,1991-12-02,"A Film Company's Success Story: Low Costs, Narrow Focus, Profits",0,The article mentions Hulk Hogan in the role of space warrior in a film
http://query.nytimes.com/gst/fullpage.html?res=9D0CE6D61E3BF93BA2575BC0A967958260,1991-08-18,"By Any Name, Roseanne Is Roseanne Is Roseanne",0,The article just likens a comedienne to the feminist version of Hulk Hogan
http://query.nytimes.com/gst/fullpage.html?res=950DE2DF1E3FF935A15752C1A96F948260,1989-11-26,THIS IS NOT REAL,1,The article mentions professional wrestling being staged 
http://query.nytimes.com/gst/fullpage.html?res=950DEED9163BF930A35755C0A96F948260,1989-06-03,Review/Film; The Ferocious Hulk Hogan And Other Tough Guys,2,The article is about some feature film of Hulk Hogan
http://query.nytimes.com/gst/fullpage.html?res=9C0CE7DE1031F932A35757C0A966958260,1990-04-01,LONG ISLAND JOURNAL,0,The article compares some people to Hulk Hogan
http://query.nytimes.com/gst/fullpage.html?res=9C0CE2DD173EF935A35751C0A966958260,1990-02-06,Is Tyson Sabotaging Himself?,0,The article is about Mike Tyson and has a mention of Hulk Hogan
http://query.nytimes.com/gst/fullpage.html?res=9C0CEED61F31F937A15751C0A966958260,1990-02-24,Douglas Back in Ring,0,The article is about Mike Douglas acting as a referee in a match between Hulk Hogan and Randy Savage
http://query.nytimes.com/gst/fullpage.html?res=950DE3DB133DF93AA35756C0A96F948260,1989-05-09,"Books of The Times; Sorting It Out in Tokyo, This Generation's Paris",0,The article mentions children talking about Hulk Hogan
http://query.nytimes.com/gst/fullpage.html?res=9D0CE7DA1731F932A15755C0A967958260,1991-06-21,Wrestlers Dispute Link to Drug Case,0,Article just mentions Hulk Hogan’s lawyer trying to keep him off a case
http://query.nytimes.com/gst/fullpage.html?res=9D0CE0DE1E30F936A15755C0A967958260,1991-06-25,Trial Opens for Physician in Steroid Case,1,Article mentions that trial against Physician opened with him testifying of providing steroids to Hulk Hogan
http://query.nytimes.com/gst/fullpage.html?res=9D0CE2DD1130F935A35753C1A967958260,1991-10-06,Review/Film; A Space Warrior Learns Suburban Ways,0,The article is the review of a film in which Hulk Hogan played the role of a space warrior 
http://query.nytimes.com/gst/fullpage.html?res=9D0CE6DD1238F931A15753C1A967958260,1991-10-22,The No-Braking Ball: CBS Versus Physics,0,The article just contains a mention of Hulk Hogan
http://query.nytimes.com/gst/fullpage.html?res=9D0CE1D91130F932A15753C1A967958260,1991-10-21,Sports of The Times; Big Herby Plays Heavy in Sumoball,0,The article mentions some wrestling fan sometimes pretending to play the role of Hulk Hogan
http://query.nytimes.com/gst/fullpage.html?res=9D0CE4DC113DF936A35756C0A967958260,1991-05-05,"Rottweilers, the Dogs of the Moment",0,The article has a comparison of a Dog’s bark to that of Hulk Hogan
http://query.nytimes.com/gst/fullpage.html?res=9C0CE7DD1130F93BA35751C1A966958260,1990-12-08,Waiting for the Zapping of Nintendo,0,The article mentions Hulk Hogan action figures
http://query.nytimes.com/gst/fullpage.html?res=9C0CE5D61630F937A25751C0A966958260,1990-02-14,About New York; Stars Are Born? Booking Cowgirls And Jokeaholics,0,The article mentions some comedian imagining Donald Trump in Hulk Hogan’s body 
http://query.nytimes.com/gst/fullpage.html?res=9D0CE4DB143CF93AA25757C0A967958260,1991-04-19,Foreman-Holyfield Bout May Be (Big) Appetizer,0,Article just contains a mention of Wrestlemania
http://query.nytimes.com/gst/fullpage.html?res=9C0CEFDA133DF93AA3575AC0A966958260,1990-09-09,LONG ISLAND JOURNAL,0,Article just contains a mention of Wrestlemania