Article,Date,Title,Score,Reason
http://query.nytimes.com/gst/fullpage.html?res=9C0CE3DB1130F93BA35752C0A966958260,1990-01-08,"Shuttle Ready to Go, but Weather May Not Be",2,"The article is about Columbia shuttle takeoff and mentions civilian astronauts William B. Lenoir, Bonnie Dunbar and Marsha Ivins"
http://query.nytimes.com/gst/fullpage.html?res=9D0CE4DE1E3EF934A35752C0A966958260,1990-01-07,Space Shuttle Poised to Begin Mission to Retrieve a Satellite,2,The article is about the space shuttle Columbia being prepared for launch and contains a significant mention of the NASA civilian astronaut Bonnie J. Dunbar
http://query.nytimes.com/gst/fullpage.html?res=9C0CE6DA1131F934A35752C0A966958260,1990-01-07,NETS LOSE AGAIN,0,Article contains incorrect mapping of Hank Armstrong to NASA civilian astronaut Neil Armstrong
http://query.nytimes.com/gst/fullpage.html?res=9C0CE0DE173BF937A15752C0A966958260,1990-01-24,Astronaut Testifies for AIDS Doctor,0,The article is about NASA civilian astronaut Frank A. Gaffney testifying for some doctor in court
http://query.nytimes.com/gst/fullpage.html?res=9C0CE1D71739F93AA25752C0A966958260,1990-01-19,Shuttle Set to Return After Escaping Erratic Spin,0,The article is about some minor problem in the space shuttle Columbia and just contains a mention of the astronauts Bonnie Dunbar and Marsha Ivins
http://query.nytimes.com/gst/fullpage.html?res=9C0CE0DC153FF933A25752C0A966958260,1990-01-10,Aloft in Shuttle: Sketches of Astronauts,1,The article contains a description of the five astronauts aboard the Columbia space shuttle out of which two are NASA civilian astronauts Bonnie J. Dunbar and Marsha Ivins
http://query.nytimes.com/gst/fullpage.html?res=9C0CE5DD133CF933A25752C0A966958260,1990-01-10,Shuttle in Orbit; Satellite Chase Begins,3,The article has the crew of the space shuttle Columbia as the main subject out of which two were NASA civilian astronauts Bonnie Dunbar and Marsha Ivins
http://query.nytimes.com/gst/fullpage.html?res=9C0CEED7163DF930A25752C0A966958260,1990-01-13,Shuttle Astronauts Snare a Battered Science Satellite,3,The article has the crew of the space shuttle Columbia as the main subject out of which two were NASA civilian astronauts Bonnie Dunbar and Marsha Ivins
http://query.nytimes.com/gst/fullpage.html?res=9C0CE2D71F3DF93AA15752C0A966958260,1990-01-29,Dividend Meetings,0,Article contains incorrect mapping of company Armstrong World Inds Inc to NASA civilian astronaut Neil Armstrong
http://query.nytimes.com/gst/fullpage.html?res=9C0CE5DD1038F935A25752C0A966958260,1990-01-16,Shuttle Is Troubled Briefly By Phantom Sensor Signals,1,Article is about some brief signal interference in the space shuttle Columbia and just has a mention of the civilian astronauts Bonnie Dunbar and Marsha Ivins
http://query.nytimes.com/gst/fullpage.html?res=9C0CE4D8103AF93AA35752C0A966958260,1990-01-09,Liftoff Of Shuttle Is Delayed By Clouds,0,The article is about a delay in launch of space shuttle Columbia and just has a mention of the NASA civilian astronauts Bonnie Dunbar and Marsha Ivins
http://query.nytimes.com/gst/fullpage.html?res=9C0CE1D9113DF932A15752C0A966958260,1990-01-21,Smooth Landing for Shuttle After a Record Time in Space,2,The article is about the space shuttle Columbia making a safe landing on earth and mentions the NASA civilian astronauts Bonnie Dunbar and Marsha Ivins
http://query.nytimes.com/gst/fullpage.html?res=9C0CE4D7113EF93AA25750C0A966958260,1990-03-19,MAJOR FLAW FOUND IN SPACE STATION PLANNED BY NASA,3,Article is about a major flaw found in the planned space station investigative team of which included the NASA Civilian astronaut William Fischer
http://query.nytimes.com/gst/fullpage.html?res=9C0CE3D71639F934A15750C0A966958260,1990-03-27,"Wanted on the Space Station: Better Suits, Robots and Parts",3,Article is about NASA Civilian astronaut William Fischer’s plans to have robots inside the space station
http://query.nytimes.com/gst/fullpage.html?res=9C0CE2D91E38F930A25750C0A966958260,1990-03-13,Why Lockheed Is Under Siege,0,The article is about defence contractor Lockheed Corporation and contains an incorrect mapping of Armstrong industries to NASA civilian astronaut Neil Armstrong
http://query.nytimes.com/gst/fullpage.html?res=9C0CE4D6133FF936A25750C0A966958260,1990-03-15,"John Root, 85, Is Dead; Broadway Set Designer",0,Article contains incorrect mapping of Armstrong Circle Theater to NASA civilian astronaut Neil Armstrong
http://query.nytimes.com/gst/fullpage.html?res=9C0CEED6153CF93BA25750C0A966958260,1990-03-18,THE INNER SANCTUMS OF THE NEWARK MUSEUM,0,Article contains incorrect mapping of Tom Armstrong to NASA civilian astronaut Neil Armstrong
http://query.nytimes.com/gst/fullpage.html?res=9C0CE1D71538F93BA15750C0A966958260,1990-03-28,Hope Is Held Out on Space Station Problems,2,The article is about a Space Station being built and mentions NASA civilian astronauts William F. Fisher and William B. Lenoir talking about it
http://query.nytimes.com/gst/fullpage.html?res=9C0CEFDA103DF93AA15750C0A966958260,1990-03-29,NASA Concedes Space Station Cost May Rise,2,The article is about a Space Station being built and mentions NASA civilian astronaut William B. Lenoir talking about it
http://query.nytimes.com/gst/fullpage.html?res=9C0CE7D91F39F935A25750C0A966958260,1990-03-16,Orlando Joining the World League,0,The article is about some Football player and just contains a mention of the NASA civilian astronaut Neil Armstrong
http://query.nytimes.com/gst/fullpage.html?res=9C0CE0D81430F935A25750C0A966958260,1990-03-16,"Review/Film; 'For All Mankind,' or, the Joys of Space Travel",0,Article just has a mention of NASA civilian astronaut Russell Schweickart as one of the narrators of a space film
http://query.nytimes.com/gst/fullpage.html?res=9C0CE1D81739F93AA35750C0A966958260,1990-03-09,Review/Art; Sculpture at the Whitney: The Radical Years,0,Article contains incorrect mapping of Richard Armstrong to NASA civilian astronaut Neil Armstrong
http://query.nytimes.com/gst/fullpage.html?res=9C0CE1DA113BF932A15750C0A966958260,1990-03-21,Investigator Says Space Station Flaws Are Ignored,2,The article is about NASA Civilian astronaut William Fischer investigating flaws in the Space Station of NASA
http://query.nytimes.com/gst/fullpage.html?res=9C0CE0D91130F931A25750C0A966958260,1990-03-12,Proxy Fights Loom on a Variety of Issues,0,Article contains incorrect mapping of Armstrong World Industries to NASA Civilian astronaut Neil Armstrong
http://query.nytimes.com/gst/fullpage.html?res=9C0CE2DE103EF933A05750C0A966958260,1990-03-30,Advisers in Forefront Of New Proxy Wars,0,Article contains incorrect mapping of Armstrong World Industries to NASA Civilian astronaut Neil Armstrong
http://query.nytimes.com/gst/fullpage.html?res=9C0CEEDE153DF937A25750C0A966958260,1990-03-14,Walter Orr Roberts Is Dead at 74; Expert on Climate's Effect on Life,0,The article is about the life and death of Walter Orr Roberts who was an expert on climate change and just has a mention of the NASA civilian astronaut Russell Schweickart
http://query.nytimes.com/gst/fullpage.html?res=9C0CEFDD1F39F931A25752C0A966958260,1990-01-12,SHUTTLE MOVES IN ON AILING SATELLITE,1,The article is about the recovery of a satellite and just has a mention of the NASA civilian astronauts Bonnie Dunbar and Marsha Ivins
http://query.nytimes.com/gst/fullpage.html?res=9D05E7D6173CF933A05752C0A966958260,1990-01-30,Armstrong World Industries Inc. reports earnings for Qtr to Dec 31,0,The article contains an incorrect mapping of Armstrong Industries to the NASA civilian astronaut Neil Armstrong 
http://query.nytimes.com/gst/fullpage.html?res=9C0CE4D61731F933A05752C0A966958260,1990-01-30,PROFITS SCOREBOARD,0,Article contains incorrect mapping of Armstrong World Industries to NASA Civilian astronaut Neil Armstrong
http://query.nytimes.com/gst/fullpage.html?res=9C0CEFD9123FF937A25752C0A966958260,1990-01-14,"In Space News Conference, Astronauts Hail Their Good Catch",2,The article is about remaining jobs of the crew of the Columbia Space shuttle which included the NASA civilian astronauts Bonnie Dunbar and Marsha Ivins after the major job of satellite recovery
http://query.nytimes.com/gst/fullpage.html?res=9C0CE4DF1231F932A25752C0A966958260,1990-01-11,SHUTTLE DEPLOYS A NAVY SATELLITE,3,The article has the crew of the space shuttle Columbia as the main subject out of which two were NASA civilian astronauts Bonnie Dunbar and Marsha Ivins
http://query.nytimes.com/gst/fullpage.html?res=9C0CE4DE103BF932A35757C0A966958260,1990-04-01,Occupational Hazard,0,Article contains incorrect mapping of Tom Armstrong to NASA civilian astronaut Neil Armstrong
http://query.nytimes.com/gst/fullpage.html?res=9C0CEEDF1F3CF935A35757C0A966958260,1990-04-06,"Real S O S Is Obscured By Hoax, and 2 Are Lost",0,Article contains incorrect mapping of Bill Armstrong to NASA civilian astronaut Neil Armstrong
http://query.nytimes.com/gst/fullpage.html?res=9C0CE4DE133FF933A25757C0A966958260,1990-04-10,Space Shuttle Is Ready For Liftoff,1,Article is about the launch of space shuttle carrying the Hubble Space Telescope and mentions NASA civilian astronaut Steven Hawley
http://query.nytimes.com/gst/fullpage.html?res=9C0CE0DD133AF936A35757C0A966958260,1990-04-05,Senate Roll-Call On Nomination,0,Article contains incorrect mapping of senator R Armstrong to NASA civilian astronaut Neil Armstrong
http://query.nytimes.com/gst/fullpage.html?res=9C0CE3D6153AF93AA35757C0A966958260,1990-04-09,Telescope Is Set to Peer at Space and Time &gt;,2,Article is about the launch of the Hubble Space Telescope and mentions NASA civilian astronaut Steven Hawley
http://query.nytimes.com/gst/fullpage.html?res=9C0CE1DA1E3CF932A35751C0A966958260,1990-02-01,"Take Some Junk, Let It Rust, Then Bring It Home",0,Article contains incorrect mapping of Zebedee Armstrong to NASA civilian astronaut Neil Armstrong
http://query.nytimes.com/gst/fullpage.html?res=9C0CE0DB123DF932A35751C0A966958260,1990-02-01,"Samuel C. Phillips, Who Directed Apollo Lunar Landing, Dies at 68",0,The article is about the death and life of Samuel C. Phillips who was not a civilian astronaut and just contains a mention of the NASA civilian astronaut Neil Armstrong
http://query.nytimes.com/gst/fullpage.html?res=9C0CE4DE1239F930A35751C0A966958260,1990-02-03,Art-World Figures Defend Director of Whitney,0,Article contains incorrect mapping of Thomas Armstrong to NASA civilian astronaut Neil Armstrong
http://query.nytimes.com/gst/fullpage.html?res=9C0CE7D81F39F93BA25751C0A966958260,1990-02-18,Spiciest Fare of the Spice Islands,0,The article is about some Indonesian restaurants and just contains a mention of the NASA civilian astronaut Neil Armstrong
http://query.nytimes.com/gst/fullpage.html?res=9C0CE6D71E38F935A35750C0A966958260,1990-03-06,Belzbergs Seeking Armstrong Suitor,0,Article contains incorrect mapping of Armstrong World Industries to NASA Civilian astronaut Neil Armstrong