Article,Date,Title,Score,Reason
http://query.nytimes.com/gst/fullpage.html?res=9D0CE5DE103FF931A35755C0A967958260,1991-06-02,No Red Flag,1,Article has some mention of Williams driver Mario Andretti
http://query.nytimes.com/gst/fullpage.html?res=9D0CE3D81331F934A25755C0A967958260,1991-06-17,Fittipaldi Wins After Mishap,1,Article has some mention of Williams driver Mario Andretti
http://query.nytimes.com/gst/fullpage.html?res=9D0CE6D7163FF930A35755C0A967958260,1991-06-03,RESULTS PLUS,0,Article just has a mention of Williams driver Mario Andretti 
http://query.nytimes.com/gst/fullpage.html?res=9E0CE5DD1E31F936A15756C0A967958260,1991-05-25,Around Indy Oval Goes Andretti Family Circle,3,Article has Mario Andretti as the main subject
http://query.nytimes.com/gst/fullpage.html?res=9D0CE5D8173EF936A15756C0A967958260,1991-05-25,Around Indy Oval Goes Andretti Family Circle,3,Article has Mario Andretti as the main subject
http://query.nytimes.com/gst/fullpage.html?res=9D0CE5DD1E31F936A15756C0A967958260,1991-05-25,Around Indy Oval Goes Andretti Family Circle,3,Article has Mario Andretti as the main subject
http://query.nytimes.com/gst/fullpage.html?res=9D0CE5DD143BF930A1575AC0A967958260,1991-09-23,RESULTS PLUS,2,"Article mentions race results of a grand prix and has mentions of William’s racing team drivers Ayrton Senna, Nigel Mansell and Riccardo Patrese"
http://query.nytimes.com/gst/fullpage.html?res=9D0CE3DB1539F936A2575AC0A967958260,1991-09-15,Argentina Stays Tuned to Peronism And Its Politics of Personality,0,Article just has a mention of Williams driver Carlos Reutemann involved in Argentinian elections
http://query.nytimes.com/gst/fullpage.html?res=9D0CE4D7163DF93AA1575AC0A967958260,1991-09-29,"In Prime of a Second Career, Gant Is First Without Equals",0,Article just has a mention of Williams driver Mario Andretti 
http://query.nytimes.com/gst/fullpage.html?res=9D0CE7DD1031F935A2575AC0A967958260,1991-09-16,Results Plus,0,Article just has a mention of Williams driver Mario Andretti 
http://query.nytimes.com/gst/fullpage.html?res=9D0CEFD7143CF93AA3575AC0A967958260,1991-09-09,PERONISTS AHEAD IN MIDTERM VOTING,0,Article just has a mention of Williams driver Carlos Reutemann involved in Argentinian elections
http://query.nytimes.com/gst/fullpage.html?res=9D0CE7D7163FF93AA3575AC0A967958260,1991-09-09,RESULTS PLUS,1,Article mentions race results of a grand prix for Williams drivers Nigel Mansell and Ayrton Senna
http://query.nytimes.com/gst/fullpage.html?res=9D0CEFD71F3EF931A2575AC0A967958260,1991-09-12,"A Look for the 90's, To a Gregorian Beat",0,Article has incorrect mapping of some interior designer named Juan Montoya to the Williams Formula One driver Juan Pablo Montoya
http://query.nytimes.com/gst/fullpage.html?res=9D0CE7DA1F38F933A0575AC0A967958260,1991-09-30,RESULTS PLUS,2,"Article mentions race results of a grand prix and has mentions of William’s racing team drivers Ayrton Senna, Nigel Mansell, Riccardo Patrese and Alain Prost "
http://query.nytimes.com/gst/fullpage.html?res=9D0CE7D71539F935A1575BC0A967958260,1991-08-26,RESULTS PLUS,2,"Article mentions race results of a grand prix and has mentions of William’s racing team drivers Ayrton Senna, Nigel Mansell and Nelson Piquet"
http://query.nytimes.com/gst/fullpage.html?res=9D0CE5DF1639F937A1575BC0A967958260,1991-08-24,TRANSACTIONS,0,Article just has a mention of Williams driver Nigel Mansell 
http://query.nytimes.com/gst/fullpage.html?res=9D0CEED61730F933A15756C0A967958260,1991-05-20,Foyt Starts Indy Engines for Last Time,0,Article is about some other driver named A J Foyt but and just has a mention of Williams driver Mario Andretti
http://query.nytimes.com/gst/fullpage.html?res=9D0CE5D7153AF932A15756C0A967958260,1991-05-21,British Skills Are Winners at Indy,0,Article just has a mention of Williams driver Mario Andretti losing in a race
http://query.nytimes.com/gst/fullpage.html?res=9D0CE5DC163CF932A15757C0A967958260,1991-04-21,DESIGN: BATHING BEAUTIES,0,Article has incorrect mapping of some interior designer named Juan Montoya to the Williams Formula One driver Juan Pablo Montoya
http://query.nytimes.com/gst/fullpage.html?res=9D0CE2D91F3AF934A35757C0A967958260,1991-04-07,"Priority: Staying Put; Same Space, Different Face",0,Article has incorrect mapping of some interior designer named Juan Montoya to the Williams Formula One driver Juan Pablo Montoya
http://query.nytimes.com/gst/fullpage.html?res=9D0CEEDB113DF93AA15757C0A967958260,1991-04-29,RESULTS PLUS,1,Article mentions Williams Formula One driver Ayrton Senna winning a grand prix in Italy 
http://query.nytimes.com/gst/fullpage.html?res=9D0CE7DB1E3AF932A25754C0A967958260,1991-07-11,"Calendar: Chelsea, Long Island and the 30's",0,Article contains incorrect mapping of some person named Mario Buatta to Mario Andretti 
http://query.nytimes.com/gst/fullpage.html?res=9D0CE1D6143CF935A35753C1A967958260,1991-10-06,Brazilian Superboat Driver Finds Speed 'in the Blood',0,Article just has a mention of Williams drivers Ayrton Senna and Nelson Piquet but is about some Brazilian superheat driver
http://query.nytimes.com/gst/fullpage.html?res=9D0CE6D61039F933A05753C1A967958260,1991-10-30,Prost Is Dropped From Ferrari Team,2,Article is about Williams driver Nigel Mansell losing his contract with Ferrari racing team
http://query.nytimes.com/gst/fullpage.html?res=9D0CE2D81E31F935A15756C0A967958260,1991-05-26,"Glitches Aside, Penske Ready to Roll",0,Article mentions Williams driver Mario Andretti but has Indianapolis 500 driver Penske as the main subject
http://query.nytimes.com/gst/fullpage.html?res=9D0CE3D91F31F935A15756C0A967958260,1991-05-26,Running Engines At Limit,0,Article just has a mention of Williams driver Mario Andretti 
http://query.nytimes.com/gst/fullpage.html?res=9D0CEEDE143FF937A15756C0A967958260,1991-05-24,The Sport That Roars,0,Article just has a mention of Williams driver Mario Andretti 
http://query.nytimes.com/gst/fullpage.html?res=9D0CEFD7163FF934A15756C0A967958260,1991-05-27,Mears Goes to the Wall to Win 4th Indy Title,1,Article has some mention of Williams driver Mario Andretti but is mainly about his son Mario Andretti who was not a driver for the Williams racing team
http://query.nytimes.com/gst/fullpage.html?res=9D0CE1DF1039F930A25756C0A967958260,1991-05-13,RESULTS PLUS,2,"Article mentions race results of a grand prix and has mentions of William’s racing team drivers Ayrton Senna, Nigel Mansell and Alain Prost"