Article,Date,Title,Score,Reason
http://query.nytimes.com/gst/fullpage.html?res=9B0DEFD8163AF937A35755C0A961948260,1987-06-04,INDIAN FLOTILLA IS TURNED BACK BY SRI LANKAN NAVAL VESSELS,0,Article has a mention of Bharat Ratna awardee former Prime Minister of India Rajiv Gandhi passing some order to try to bring some relief in Sri Lankan during the Sri Lankan Civil War
http://query.nytimes.com/gst/fullpage.html?res=9B0DEEDE103EF931A35755C0A961948260,1987-06-02,INDIANS TO SEND CONVOY TO SRI LANKA,1,Article is about India sending ships to Sri Lanka for aid to Tamils in the Sri Lankan Civil War and mentions Bharat Ratna awardee former Indian PM Rajiv Gandhi taking this decision 
http://query.nytimes.com/gst/fullpage.html?res=9B0DE7DD143AF935A15755C0A961948260,1987-06-26,INDIAN TROOPS RAID SIKH TEMPLE,1,Article is about the Indian army raiding Sikh temple to capture terrorists on orders of Rajiv Gandhi
http://query.nytimes.com/gst/fullpage.html?res=9B0DE4DF1F38F934A35755C0A961948260,1987-06-07,"Mr. Gandhi, on Four Fronts",3,Article has Rajiv Gandhi as the main subject
http://query.nytimes.com/gst/fullpage.html?res=9B0DE0DE1738F934A35755C0A961948260,1987-06-07,INDIA'S AID TO TAMILS IS 'AGGRESSION' TO SRI LANKA,2,Article talks about Rajiv Gandhi supplying aid to the Tamil guerrillas 
http://query.nytimes.com/gst/fullpage.html?res=9B0DE0D81F3AF930A15755C0A961948260,1987-06-23,FORMIDABLE LEADER EMERGES FROM INDIA VOTE,0,Article is about the opposition leader to Bharat Ratna awardee Rajiv Gandhi called Devi Lal
http://query.nytimes.com/gst/fullpage.html?res=9B0DE2D71E3DF93AA25755C0A961948260,1987-06-19,GANDHI'S PARTY ROUTED IN STATE ELECTION,1,Article is about Rajiv Gandhi losing elections to Devi Lal in the state of Haryana 
http://query.nytimes.com/gst/fullpage.html?res=9B0DE3DC103FF934A15755C0A961948260,1987-06-27,India Cancels Silicon Plant,0,Article is about Rajiv Gandhi ordering an inquiry into a deal made by the government in 1985
http://query.nytimes.com/gst/fullpage.html?res=9B0DEEDC1F3BF936A25755C0A961948260,1987-06-15,SIKH TERRORISTS SAID TO KILL AT LEAST 26,0,Article mentions Bharat Ratna awardee former Indian PM Rajiv Gandhi dismissing government in the Indian state of Punjab and putting it under Prime Minister’s direct rule
http://query.nytimes.com/gst/fullpage.html?res=9B0DE3DD1E39F93AA15755C0A961948260,1987-06-29,How India Is Dealing With Its Neighbors,2,Article is about Indian policy under PM Rajiv Gandhi
http://query.nytimes.com/gst/fullpage.html?res=9B0DE0DA123FF935A25755C0A961948260,1987-06-16,India Is Said to Detain Former Defense Chief,0,Article is about Defence Minister at the time of Prime Ministership of Rajiv Gandhi being detained
http://query.nytimes.com/gst/fullpage.html?res=9B0DE6DF1738F932A15755C0A961948260,1987-06-21,ANOTHER DEFEAT FOR RAJIV GANDHI,1,Article mentions defeat of Rajiv Gandhi and his party in the Indian elections
http://query.nytimes.com/gst/fullpage.html?res=9B0DEFDF103CF931A25755C0A961948260,1987-06-12,INDIA STRIVING TO CHECK SECRET SWISS ACCOUNTS,2,Article is about Bofors Scandal in which Rajiv Gandhi was involved
http://query.nytimes.com/gst/fullpage.html?res=9B0DE3DB133FF937A15755C0A961948260,1987-06-24,India's 1961 Goa Action: 'Liberation' Only to Some,0,Article just contains a mention of Jawaharlal Nehru
http://query.nytimes.com/gst/fullpage.html?res=9B0DE1DA1E38F93BA15755C0A961948260,1987-06-28,A Maharajah's Rail Journey In Rajasthan,0,Article has mention of Nehru Island which is incorrectly mapped to the Indian Prime Minister Jawaharlal Nehru
http://query.nytimes.com/gst/fullpage.html?res=9B0DE7DD1431F934A25755C0A961948260,1987-06-17,"STAGE: 'TALKING DRUM,' HONORING BLACK WOMEN",0,Article just contains a mention of Nelson Mandela
http://query.nytimes.com/gst/fullpage.html?res=9B0DE2D8153DF93BA35755C0A961948260,1987-06-08,CELEBRITIES PUT THE GLITTER IN COLLEGE GRADUATIONS,0,Article just contains a mention of Nelson Mandela
http://query.nytimes.com/gst/fullpage.html?res=9B0DEFD91038F934A35755C0A961948260,1987-06-07,Only Sanctions Can Dismantle Apartheid,0,Article contains mention of Mandela referring to Winnie Mandela but incorrectly mapped to Nelson Mandela
http://query.nytimes.com/gst/fullpage.html?res=9B0DE3DE1631F933A15755C0A961948260,1987-06-20,HARLEM HOMECOMING: A READING OF HUGHES,0,Article mentions Nelson Mandela but is not important for Nelson Mandela 
http://query.nytimes.com/gst/fullpage.html?res=9B0DE4D91E30F935A35755C0A961948260,1987-06-06,INDIA SEEKS TALKS WITH SRI LANKA,0,Article just contains a mention of Rajiv Gandhi
http://query.nytimes.com/gst/fullpage.html?res=9B0DE6DB1539F930A35755C0A961948260,1987-06-03,SRI LANKA THREATENS TO HALT INDIAN BOATS BEARING TAMIL RELIEF,1,Article has a part mentioning about the growing pressure on Rajiv Gandhi due to the Sri Lankan Civil war
http://query.nytimes.com/gst/fullpage.html?res=9B0DE1DA163EF936A35755C0A961948260,1987-06-05,GANDHI OPPONENTS BACK MOVE,3,Article has Rajiv Gandhi as the main subject
http://query.nytimes.com/gst/fullpage.html?res=9B0DEFD91E3BF933A05755C0A961948260,1987-06-30,BOOKS OF THE TIMES,3,Article is about Indian film director and writer Satyajit Ray
http://query.nytimes.com/gst/fullpage.html?res=9B0DE3D81E30F930A35755C0A961948260,1987-06-03,KEY HART SUPPORTERS SHIFT TO DUKAKIS,0,Article has incorrect mapping of some Theresa to Mother Teresa
http://query.nytimes.com/gst/fullpage.html?res=9B0DEFD71E39F930A35755C0A961948260,1987-06-03,Social Security Across American Generations,0,Article has incorrect mapping of Theresa McKenna to Mother Teresa
http://query.nytimes.com/gst/fullpage.html?res=9B0DE2DF123AF935A15755C0A961948260,1987-06-26,What's On And When,0,Article has incorrect mapping of Teresa Wright to Mother Teresa
http://query.nytimes.com/gst/fullpage.html?res=9B0DE0D6113EF934A35755C0A961948260,1987-06-07,Kate Kearney and William F. Ingraham 4th Wed,0,Article has no mention of any Bharat Ratna awardee
http://query.nytimes.com/gst/fullpage.html?res=9B0DE7DD143DF934A35755C0A961948260,1987-06-07,Sicilian Heritage,0,Article has incorrect mapping of Theresa Bucchieri to Mother Teresa
http://query.nytimes.com/gst/fullpage.html?res=9B0DE3DA163CF934A35755C0A961948260,1987-06-07,JOPLIN MILESTONE DUE ON CD,0,Article has incorrect mapping of Teresa Sterne to Mother Teresa
http://query.nytimes.com/gst/fullpage.html?res=9B0DEFD8163CF934A35755C0A961948260,1987-06-07,50 MORE TOP CD'S TO TICKLE YOUR LASER,0,Article is about CD releases
http://query.nytimes.com/gst/fullpage.html?res=9B0DEFDD1E3AF934A35755C0A961948260,1987-06-07,WINNING BACK A CHILD,0,Article has incorrect mapping of some murdered woman named Teresa to Mother Teresa
http://query.nytimes.com/gst/fullpage.html?res=9B0DE1DA133DF93AA25755C0A961948260,1987-06-19,Nun Who Pioneered the Use Of Electronic Teaching Dies,0,Article has incorrect mapping of Mary Theresa to Mother Teresa
http://query.nytimes.com/gst/fullpage.html?res=9B0DE1DE1138F93BA25755C0A961948260,1987-06-18,THERESA ROSS,0,Article has incorrect mapping of Theresa Ross to Mother Teresa
http://query.nytimes.com/gst/fullpage.html?res=9B0DE3DB153CF93BA15755C0A961948260,1987-06-28,DEIRDRE MARIE JOYCE IS BRIDE,0,Article has incorrect mapping of Saint Theresa to Mother Teresa
http://query.nytimes.com/gst/fullpage.html?res=9B0DE2DD133BF93BA15755C0A961948260,1987-06-28,Murder Hits Home,0,Article contains incorrect mapping of Mary Theresa to Mother Teresa
http://query.nytimes.com/gst/fullpage.html?res=9B0DE1D8113CF935A25755C0A961948260,1987-06-16,WOMEN IN U.S. PRISONS: FAST-RISING POPULATION By PETER APPLEBOME,0,Article has incorrect mapping of some Theresa to Mother Teresa
http://query.nytimes.com/gst/fullpage.html?res=9B0DE2D8133FF93AA35755C0A961948260,1987-06-09,"POPE, IN POLAND, BACKS HUMAN RIGHTS",0,Article has a mention Mother Teresa as being one of the 500 nuns to meet the Pope
http://query.nytimes.com/gst/fullpage.html?res=9B0DE6DB1F3FF932A15755C0A961948260,1987-06-21,"THERESA S. GARRIGAN WEDS R. W. WALSH, MAYOR'S AIDE",0,Article has incorrect mapping of some Theresa to Mother Teresa
http://query.nytimes.com/gst/fullpage.html?res=9B0DE2DE1E3AF932A35755C0A961948260,1987-06-01,Sri Lanka Says Guerrilla Area Is Almost Secured,1,Article mentions Rajiv Gandhi’s resentment of Sri Lankan forces bombing Tamil areas in Sri Lanka 
http://query.nytimes.com/gst/fullpage.html?res=9B0DE6D81231F934A25755C0A961948260,1987-06-17,GANDHI IS CHALLENGED IN HINDU STATE NEAR PUNJAB,3,Article has Bharat Ratna awardee former Indian PM Rajiv Gandhi as the main subject
http://query.nytimes.com/gst/fullpage.html?res=9B0DE3DB1130F934A25755C0A961948260,1987-06-17,"NEWS SUMMARY: WEDNESDAY, JUNE 17, 1987",0,Article is a list of articles and just contains a mention of Indian PM Rajiv Gandhi
http://query.nytimes.com/gst/fullpage.html?res=9B0DEED61138F934A35755C0A961948260,1987-06-07,SRI LANKA WELCOMES INDIAN OFFER TO NEGOTIATE,0,Article just has a mention of Bharat Ratna awardee former Prime Minister of India Rajiv Gandhi
http://query.nytimes.com/gst/fullpage.html?res=9B0DE4DE1231F937A15755C0A961948260,1987-06-24,"FROM TAMIL REFUGEES, TALES OF SRI LANKA TORTURE",0,Article is about experiences of Tamil Refugees from the Sri Lankan Civil War and just has a mention of Bharat Ratna awardee Prime Minister Rajiv Gandhi
http://query.nytimes.com/gst/fullpage.html?res=9B0DE0D8173FF936A35755C0A961948260,1987-06-05,INDIA AIRLIFTS AID TO TAMIL REBELS,1,Article is about Indian aid to Sri Lankan rebels and mentions Rajiv Gandhi
http://query.nytimes.com/gst/fullpage.html?res=9B0DE7D91630F93BA15755C0A961948260,1987-06-28,Coming Attraction in Soviet: Festival of India,0,Article is about some Indian fest being held in Soviet Union which Bharat Ratna awardee former Indian PM Rajiv Gandhi was expected to attend
http://query.nytimes.com/gst/fullpage.html?res=9B0DE5D81039F932A15755C0A961948260,1987-06-21,Salim Ali Dies in India; Authority on Wildlife,0,Article mentions Bharat Ratna awardee former Indian PM Rajiv Gandhi paying tribute to some Indian wildlife conservationist who died
http://query.nytimes.com/gst/fullpage.html?res=9B0DE1DA123DF933A05755C0A961948260,1987-06-30,A Gurkha Group Calls a Halt To Violence in Eastern India,0,Article is about some Gurkha group protest and mentions Rajiv Gandhi